Index,CloneDirectory
0,/Users/anasmounsifmaster/Documents/G-Repo/risorse/cacheCloneRepositories/IJPay_0
1,/Users/anasmounsifmaster/Documents/G-Repo/risorse/cacheCloneRepositories/RealtimeBlurView_1
2,/Users/anasmounsifmaster/Documents/G-Repo/risorse/cacheCloneRepositories/PhotoEditor_2
3,/Users/anasmounsifmaster/Documents/G-Repo/risorse/cacheCloneRepositories/CameraView_3
4,/Users/anasmounsifmaster/Documents/G-Repo/risorse/cacheCloneRepositories/paper-onboarding-android_4
5,/Users/anasmounsifmaster/Documents/G-Repo/risorse/cacheCloneRepositories/andOTP_5
6,/Users/anasmounsifmaster/Documents/G-Repo/risorse/cacheCloneRepositories/FabulousFilter_6
7,/Users/anasmounsifmaster/Documents/G-Repo/risorse/cacheCloneRepositories/ZLayoutManager_7
8,/Users/anasmounsifmaster/Documents/G-Repo/risorse/cacheCloneRepositories/ProgressManager_8
9,/Users/anasmounsifmaster/Documents/G-Repo/risorse/cacheCloneRepositories/picocli_9
10,/Users/anasmounsifmaster/Documents/G-Repo/risorse/cacheCloneRepositories/ListenerMusicPlayer_10
11,/Users/anasmounsifmaster/Documents/G-Repo/risorse/cacheCloneRepositories/CheckVersionLib_11
12,/Users/anasmounsifmaster/Documents/G-Repo/risorse/cacheCloneRepositories/igniter_12
13,/Users/anasmounsifmaster/Documents/G-Repo/risorse/cacheCloneRepositories/zalenium_13
14,/Users/anasmounsifmaster/Documents/G-Repo/risorse/cacheCloneRepositories/wycheproof_14
15,/Users/anasmounsifmaster/Documents/G-Repo/risorse/cacheCloneRepositories/ArgusAPM_15
16,/Users/anasmounsifmaster/Documents/G-Repo/risorse/cacheCloneRepositories/cropiwa_16
17,/Users/anasmounsifmaster/Documents/G-Repo/risorse/cacheCloneRepositories/xbin-store_17
18,/Users/anasmounsifmaster/Documents/G-Repo/risorse/cacheCloneRepositories/cardslider-android_18
19,/Users/anasmounsifmaster/Documents/G-Repo/risorse/cacheCloneRepositories/helidon_19
20,/Users/anasmounsifmaster/Documents/G-Repo/risorse/cacheCloneRepositories/Shuttle_20
21,/Users/anasmounsifmaster/Documents/G-Repo/risorse/cacheCloneRepositories/seckill_21
22,/Users/anasmounsifmaster/Documents/G-Repo/risorse/cacheCloneRepositories/AndroidPileLayout_22
23,/Users/anasmounsifmaster/Documents/G-Repo/risorse/cacheCloneRepositories/FanLayoutManager_23
24,/Users/anasmounsifmaster/Documents/G-Repo/risorse/cacheCloneRepositories/traccar_24
25,/Users/anasmounsifmaster/Documents/G-Repo/risorse/cacheCloneRepositories/disunity_25
26,/Users/anasmounsifmaster/Documents/G-Repo/risorse/cacheCloneRepositories/android-priority-jobqueue_26
27,/Users/anasmounsifmaster/Documents/G-Repo/risorse/cacheCloneRepositories/jacoco_27
28,/Users/anasmounsifmaster/Documents/G-Repo/risorse/cacheCloneRepositories/simple-binary-encoding_28
29,/Users/anasmounsifmaster/Documents/G-Repo/risorse/cacheCloneRepositories/initializr_29
30,/Users/anasmounsifmaster/Documents/G-Repo/risorse/cacheCloneRepositories/HoloEverywhere_30
31,/Users/anasmounsifmaster/Documents/G-Repo/risorse/cacheCloneRepositories/curator_31
32,/Users/anasmounsifmaster/Documents/G-Repo/risorse/cacheCloneRepositories/spring_32
33,/Users/anasmounsifmaster/Documents/G-Repo/risorse/cacheCloneRepositories/es_33
34,/Users/anasmounsifmaster/Documents/G-Repo/risorse/cacheCloneRepositories/rest.li_34
35,/Users/anasmounsifmaster/Documents/G-Repo/risorse/cacheCloneRepositories/atomix_35
36,/Users/anasmounsifmaster/Documents/G-Repo/risorse/cacheCloneRepositories/thymeleaf_36
37,/Users/anasmounsifmaster/Documents/G-Repo/risorse/cacheCloneRepositories/brave_37
38,/Users/anasmounsifmaster/Documents/G-Repo/risorse/cacheCloneRepositories/ratpack_38
39,/Users/anasmounsifmaster/Documents/G-Repo/risorse/cacheCloneRepositories/JavaHamcrest_39
40,/Users/anasmounsifmaster/Documents/G-Repo/risorse/cacheCloneRepositories/elasticsearch-analysis-pinyin_40
41,/Users/anasmounsifmaster/Documents/G-Repo/risorse/cacheCloneRepositories/webcam-capture_41
42,/Users/anasmounsifmaster/Documents/G-Repo/risorse/cacheCloneRepositories/commafeed_42
43,/Users/anasmounsifmaster/Documents/G-Repo/risorse/cacheCloneRepositories/elasticsearch-hadoop_43
44,/Users/anasmounsifmaster/Documents/G-Repo/risorse/cacheCloneRepositories/afwall_44
45,/Users/anasmounsifmaster/Documents/G-Repo/risorse/cacheCloneRepositories/java-design-patterns_45
46,/Users/anasmounsifmaster/Documents/G-Repo/risorse/cacheCloneRepositories/MPAndroidChart_46
47,/Users/anasmounsifmaster/Documents/G-Repo/risorse/cacheCloneRepositories/gson_47
48,/Users/anasmounsifmaster/Documents/G-Repo/risorse/cacheCloneRepositories/Material-Animations_48
49,/Users/anasmounsifmaster/Documents/G-Repo/risorse/cacheCloneRepositories/banner_49
50,/Users/anasmounsifmaster/Documents/G-Repo/risorse/cacheCloneRepositories/Android-ObservableScrollView_50
51,/Users/anasmounsifmaster/Documents/G-Repo/risorse/cacheCloneRepositories/Fragmentation_51
52,/Users/anasmounsifmaster/Documents/G-Repo/risorse/cacheCloneRepositories/AVLoadingIndicatorView_52
53,/Users/anasmounsifmaster/Documents/G-Repo/risorse/cacheCloneRepositories/MaterialDesignLibrary_53
54,/Users/anasmounsifmaster/Documents/G-Repo/risorse/cacheCloneRepositories/spring-boot-admin_54
55,/Users/anasmounsifmaster/Documents/G-Repo/risorse/cacheCloneRepositories/glide-transformations_55
56,/Users/anasmounsifmaster/Documents/G-Repo/risorse/cacheCloneRepositories/react-native-camera_56
57,/Users/anasmounsifmaster/Documents/G-Repo/risorse/cacheCloneRepositories/StatusBarUtil_57
58,/Users/anasmounsifmaster/Documents/G-Repo/risorse/cacheCloneRepositories/Mycat-Server_58
59,/Users/anasmounsifmaster/Documents/G-Repo/risorse/cacheCloneRepositories/MaterialViewPager_59
60,/Users/anasmounsifmaster/Documents/G-Repo/risorse/cacheCloneRepositories/dex2jar_60
61,/Users/anasmounsifmaster/Documents/G-Repo/risorse/cacheCloneRepositories/testing-samples_61
62,/Users/anasmounsifmaster/Documents/G-Repo/risorse/cacheCloneRepositories/Android-SpinKit_62
63,/Users/anasmounsifmaster/Documents/G-Repo/risorse/cacheCloneRepositories/TakePhoto_63
64,/Users/anasmounsifmaster/Documents/G-Repo/risorse/cacheCloneRepositories/AndResGuard_64
65,/Users/anasmounsifmaster/Documents/G-Repo/risorse/cacheCloneRepositories/Java_65
66,/Users/anasmounsifmaster/Documents/G-Repo/risorse/cacheCloneRepositories/okhttputils_66
67,/Users/anasmounsifmaster/Documents/G-Repo/risorse/cacheCloneRepositories/CtCI-6th-Edition_67
68,/Users/anasmounsifmaster/Documents/G-Repo/risorse/cacheCloneRepositories/SmartTabLayout_68
69,/Users/anasmounsifmaster/Documents/G-Repo/risorse/cacheCloneRepositories/android-classyshark_69
70,/Users/anasmounsifmaster/Documents/G-Repo/risorse/cacheCloneRepositories/Timber_70
71,/Users/anasmounsifmaster/Documents/G-Repo/risorse/cacheCloneRepositories/SmoothProgressBar_71
72,/Users/anasmounsifmaster/Documents/G-Repo/risorse/cacheCloneRepositories/coursera-android_72
73,/Users/anasmounsifmaster/Documents/G-Repo/risorse/cacheCloneRepositories/mapdb_73
74,/Users/anasmounsifmaster/Documents/G-Repo/risorse/cacheCloneRepositories/vavr_74
75,/Users/anasmounsifmaster/Documents/G-Repo/risorse/cacheCloneRepositories/Android-IMSI-Catcher-Detector_75
76,/Users/anasmounsifmaster/Documents/G-Repo/risorse/cacheCloneRepositories/bitcoinj_76
77,/Users/anasmounsifmaster/Documents/G-Repo/risorse/cacheCloneRepositories/spring-data-examples_77
78,/Users/anasmounsifmaster/Documents/G-Repo/risorse/cacheCloneRepositories/emojicon_78
79,/Users/anasmounsifmaster/Documents/G-Repo/risorse/cacheCloneRepositories/android-maps-utils_79
80,/Users/anasmounsifmaster/Documents/G-Repo/risorse/cacheCloneRepositories/XposedInstaller_80
81,/Users/anasmounsifmaster/Documents/G-Repo/risorse/cacheCloneRepositories/cobar_81
82,/Users/anasmounsifmaster/Documents/G-Repo/risorse/cacheCloneRepositories/FadingActionBar_82
83,/Users/anasmounsifmaster/Documents/G-Repo/risorse/cacheCloneRepositories/cropper_83
84,/Users/anasmounsifmaster/Documents/G-Repo/risorse/cacheCloneRepositories/javassist_84
85,/Users/anasmounsifmaster/Documents/G-Repo/risorse/cacheCloneRepositories/mapstruct_85
86,/Users/anasmounsifmaster/Documents/G-Repo/risorse/cacheCloneRepositories/undertow_86
87,/Users/anasmounsifmaster/Documents/G-Repo/risorse/cacheCloneRepositories/android-betterpickers_87
88,/Users/anasmounsifmaster/Documents/G-Repo/risorse/cacheCloneRepositories/immutables_88
89,/Users/anasmounsifmaster/Documents/G-Repo/risorse/cacheCloneRepositories/android-pdfview_89
90,/Users/anasmounsifmaster/Documents/G-Repo/risorse/cacheCloneRepositories/lombok-intellij-plugin_90
91,/Users/anasmounsifmaster/Documents/G-Repo/risorse/cacheCloneRepositories/NiceVieoPlayer_91
92,/Users/anasmounsifmaster/Documents/G-Repo/risorse/cacheCloneRepositories/expanding-collection-android_92
93,/Users/anasmounsifmaster/Documents/G-Repo/risorse/cacheCloneRepositories/StyleableToast_93
94,/Users/anasmounsifmaster/Documents/G-Repo/risorse/cacheCloneRepositories/TubeMQ_94
95,/Users/anasmounsifmaster/Documents/G-Repo/risorse/cacheCloneRepositories/baritone_95
96,/Users/anasmounsifmaster/Documents/G-Repo/risorse/cacheCloneRepositories/Space-Navigation-View_96
97,/Users/anasmounsifmaster/Documents/G-Repo/risorse/cacheCloneRepositories/EasyML_97
98,/Users/anasmounsifmaster/Documents/G-Repo/risorse/cacheCloneRepositories/ExpandingPager_98
99,/Users/anasmounsifmaster/Documents/G-Repo/risorse/cacheCloneRepositories/allure2_99
100,/Users/anasmounsifmaster/Documents/G-Repo/risorse/cacheCloneRepositories/garland-view-android_100
101,/Users/anasmounsifmaster/Documents/G-Repo/risorse/cacheCloneRepositories/AndroidOpenGLDemo_101
102,/Users/anasmounsifmaster/Documents/G-Repo/risorse/cacheCloneRepositories/SuspensionIndexBar_102
103,/Users/anasmounsifmaster/Documents/G-Repo/risorse/cacheCloneRepositories/android-interview-guide_103
104,/Users/anasmounsifmaster/Documents/G-Repo/risorse/cacheCloneRepositories/AdaptiveTableLayout_104
105,/Users/anasmounsifmaster/Documents/G-Repo/risorse/cacheCloneRepositories/servicecomb-pack_105
106,/Users/anasmounsifmaster/Documents/G-Repo/risorse/cacheCloneRepositories/PaletteImageView_106
107,/Users/anasmounsifmaster/Documents/G-Repo/risorse/cacheCloneRepositories/Android-BLE_107
108,/Users/anasmounsifmaster/Documents/G-Repo/risorse/cacheCloneRepositories/GlideImageView_108
109,/Users/anasmounsifmaster/Documents/G-Repo/risorse/cacheCloneRepositories/SpringMVC-Mybatis-Shiro-redis-0.2_109
110,/Users/anasmounsifmaster/Documents/G-Repo/risorse/cacheCloneRepositories/permissions4m_110
111,/Users/anasmounsifmaster/Documents/G-Repo/risorse/cacheCloneRepositories/poli_111
112,/Users/anasmounsifmaster/Documents/G-Repo/risorse/cacheCloneRepositories/zfile_112
113,/Users/anasmounsifmaster/Documents/G-Repo/risorse/cacheCloneRepositories/user-interface-samples_113
114,/Users/anasmounsifmaster/Documents/G-Repo/risorse/cacheCloneRepositories/XSnow_114
115,/Users/anasmounsifmaster/Documents/G-Repo/risorse/cacheCloneRepositories/superCleanMaster_115
116,/Users/anasmounsifmaster/Documents/G-Repo/risorse/cacheCloneRepositories/TinyDancer_116
117,/Users/anasmounsifmaster/Documents/G-Repo/risorse/cacheCloneRepositories/LollipopShowcase_117
118,/Users/anasmounsifmaster/Documents/G-Repo/risorse/cacheCloneRepositories/AirMapView_118
119,/Users/anasmounsifmaster/Documents/G-Repo/risorse/cacheCloneRepositories/wechat-api_119
120,/Users/anasmounsifmaster/Documents/G-Repo/risorse/cacheCloneRepositories/VideoRecorder_120
121,/Users/anasmounsifmaster/Documents/G-Repo/risorse/cacheCloneRepositories/classgraph_121
122,/Users/anasmounsifmaster/Documents/G-Repo/risorse/cacheCloneRepositories/stampede_122
123,/Users/anasmounsifmaster/Documents/G-Repo/risorse/cacheCloneRepositories/ImageEditor-Android_123
124,/Users/anasmounsifmaster/Documents/G-Repo/risorse/cacheCloneRepositories/Taurus_124
125,/Users/anasmounsifmaster/Documents/G-Repo/risorse/cacheCloneRepositories/QuestionAnsweringSystem_125
126,/Users/anasmounsifmaster/Documents/G-Repo/risorse/cacheCloneRepositories/GifView_126
127,/Users/anasmounsifmaster/Documents/G-Repo/risorse/cacheCloneRepositories/mybatis-generator-gui_127
128,/Users/anasmounsifmaster/Documents/G-Repo/risorse/cacheCloneRepositories/aurora-imui_128
129,/Users/anasmounsifmaster/Documents/G-Repo/risorse/cacheCloneRepositories/server_129
130,/Users/anasmounsifmaster/Documents/G-Repo/risorse/cacheCloneRepositories/FastHub_130
131,/Users/anasmounsifmaster/Documents/G-Repo/risorse/cacheCloneRepositories/ssm_131
132,/Users/anasmounsifmaster/Documents/G-Repo/risorse/cacheCloneRepositories/UltraViewPager_132
133,/Users/anasmounsifmaster/Documents/G-Repo/risorse/cacheCloneRepositories/FEBS-Shiro_133
134,/Users/anasmounsifmaster/Documents/G-Repo/risorse/cacheCloneRepositories/camerakit-android_134
135,/Users/anasmounsifmaster/Documents/G-Repo/risorse/cacheCloneRepositories/SwipeRecyclerView_135
136,/Users/anasmounsifmaster/Documents/G-Repo/risorse/cacheCloneRepositories/android-zxingLibrary_136
137,/Users/anasmounsifmaster/Documents/G-Repo/risorse/cacheCloneRepositories/Jetpack-MVVM-Best-Practice_137
138,/Users/anasmounsifmaster/Documents/G-Repo/risorse/cacheCloneRepositories/SpringCloud_138
139,/Users/anasmounsifmaster/Documents/G-Repo/risorse/cacheCloneRepositories/android-tips-tricks_139
140,/Users/anasmounsifmaster/Documents/G-Repo/risorse/cacheCloneRepositories/lanproxy_140
141,/Users/anasmounsifmaster/Documents/G-Repo/risorse/cacheCloneRepositories/StepView_141
142,/Users/anasmounsifmaster/Documents/G-Repo/risorse/cacheCloneRepositories/CoordinatorTabLayout_142
143,/Users/anasmounsifmaster/Documents/G-Repo/risorse/cacheCloneRepositories/BadgeView_143
144,/Users/anasmounsifmaster/Documents/G-Repo/risorse/cacheCloneRepositories/okdownload_144
145,/Users/anasmounsifmaster/Documents/G-Repo/risorse/cacheCloneRepositories/Robust_145
146,/Users/anasmounsifmaster/Documents/G-Repo/risorse/cacheCloneRepositories/OpenHub_146
147,/Users/anasmounsifmaster/Documents/G-Repo/risorse/cacheCloneRepositories/tx-lcn_147
148,/Users/anasmounsifmaster/Documents/G-Repo/risorse/cacheCloneRepositories/gpmall_148
149,/Users/anasmounsifmaster/Documents/G-Repo/risorse/cacheCloneRepositories/malmo_149
150,/Users/anasmounsifmaster/Documents/G-Repo/risorse/cacheCloneRepositories/roncoo-pay_150
151,/Users/anasmounsifmaster/Documents/G-Repo/risorse/cacheCloneRepositories/xpay_151
152,/Users/anasmounsifmaster/Documents/G-Repo/risorse/cacheCloneRepositories/karate_152
153,/Users/anasmounsifmaster/Documents/G-Repo/risorse/cacheCloneRepositories/spruce-android_153
154,/Users/anasmounsifmaster/Documents/G-Repo/risorse/cacheCloneRepositories/MarqueeView_154
155,/Users/anasmounsifmaster/Documents/G-Repo/risorse/cacheCloneRepositories/Music-Player_155
156,/Users/anasmounsifmaster/Documents/G-Repo/risorse/cacheCloneRepositories/tech-weekly_156
157,/Users/anasmounsifmaster/Documents/G-Repo/risorse/cacheCloneRepositories/spring-boot-projects_157
158,/Users/anasmounsifmaster/Documents/G-Repo/risorse/cacheCloneRepositories/Spring-Boot-In-Action_158
159,/Users/anasmounsifmaster/Documents/G-Repo/risorse/cacheCloneRepositories/SuperTextView_159
160,/Users/anasmounsifmaster/Documents/G-Repo/risorse/cacheCloneRepositories/CameraView_160
161,/Users/anasmounsifmaster/Documents/G-Repo/risorse/cacheCloneRepositories/hope-boot_161
162,/Users/anasmounsifmaster/Documents/G-Repo/risorse/cacheCloneRepositories/ScalingLayout_162
163,/Users/anasmounsifmaster/Documents/G-Repo/risorse/cacheCloneRepositories/Discovery_163
164,/Users/anasmounsifmaster/Documents/G-Repo/risorse/cacheCloneRepositories/android-adDialog_164
165,/Users/anasmounsifmaster/Documents/G-Repo/risorse/cacheCloneRepositories/Guns_165
166,/Users/anasmounsifmaster/Documents/G-Repo/risorse/cacheCloneRepositories/EdXposed_166
167,/Users/anasmounsifmaster/Documents/G-Repo/risorse/cacheCloneRepositories/onemall_167
168,/Users/anasmounsifmaster/Documents/G-Repo/risorse/cacheCloneRepositories/AutoDispose_168
169,/Users/anasmounsifmaster/Documents/G-Repo/risorse/cacheCloneRepositories/ChipsLayoutManager_169
170,/Users/anasmounsifmaster/Documents/G-Repo/risorse/cacheCloneRepositories/UETool_170
171,/Users/anasmounsifmaster/Documents/G-Repo/risorse/cacheCloneRepositories/RxJava2Examples_171
172,/Users/anasmounsifmaster/Documents/G-Repo/risorse/cacheCloneRepositories/Skeleton_172
173,/Users/anasmounsifmaster/Documents/G-Repo/risorse/cacheCloneRepositories/web3j_173
174,/Users/anasmounsifmaster/Documents/G-Repo/risorse/cacheCloneRepositories/T-MVP_174
175,/Users/anasmounsifmaster/Documents/G-Repo/risorse/cacheCloneRepositories/SlidingRootNav_175
176,/Users/anasmounsifmaster/Documents/G-Repo/risorse/cacheCloneRepositories/dubbo-admin_176
177,/Users/anasmounsifmaster/Documents/G-Repo/risorse/cacheCloneRepositories/conductor_177
178,/Users/anasmounsifmaster/Documents/G-Repo/risorse/cacheCloneRepositories/JavaEETest_178
179,/Users/anasmounsifmaster/Documents/G-Repo/risorse/cacheCloneRepositories/material-intro-screen_179
180,/Users/anasmounsifmaster/Documents/G-Repo/risorse/cacheCloneRepositories/booksource_180
181,/Users/anasmounsifmaster/Documents/G-Repo/risorse/cacheCloneRepositories/ShapeOfView_181
182,/Users/anasmounsifmaster/Documents/G-Repo/risorse/cacheCloneRepositories/RecyclerViewCardGallery_182
183,/Users/anasmounsifmaster/Documents/G-Repo/risorse/cacheCloneRepositories/DiagonalLayout_183
184,/Users/anasmounsifmaster/Documents/G-Repo/risorse/cacheCloneRepositories/spring-cloud-gateway_184
185,/Users/anasmounsifmaster/Documents/G-Repo/risorse/cacheCloneRepositories/AndroidFire_185
186,/Users/anasmounsifmaster/Documents/G-Repo/risorse/cacheCloneRepositories/micrometer_186
187,/Users/anasmounsifmaster/Documents/G-Repo/risorse/cacheCloneRepositories/BackgroundLibrary_187
188,/Users/anasmounsifmaster/Documents/G-Repo/risorse/cacheCloneRepositories/ShadowImageView_188
189,/Users/anasmounsifmaster/Documents/G-Repo/risorse/cacheCloneRepositories/fastjson_189
190,/Users/anasmounsifmaster/Documents/G-Repo/risorse/cacheCloneRepositories/Android-Universal-Image-Loader_190
191,/Users/anasmounsifmaster/Documents/G-Repo/risorse/cacheCloneRepositories/androidannotations_191
192,/Users/anasmounsifmaster/Documents/G-Repo/risorse/cacheCloneRepositories/ViewPagerIndicator_192
193,/Users/anasmounsifmaster/Documents/G-Repo/risorse/cacheCloneRepositories/PocketHub_193
194,/Users/anasmounsifmaster/Documents/G-Repo/risorse/cacheCloneRepositories/jedis_194
195,/Users/anasmounsifmaster/Documents/G-Repo/risorse/cacheCloneRepositories/storm_195
196,/Users/anasmounsifmaster/Documents/G-Repo/risorse/cacheCloneRepositories/clojure_196
197,/Users/anasmounsifmaster/Documents/G-Repo/risorse/cacheCloneRepositories/junit4_197
198,/Users/anasmounsifmaster/Documents/G-Repo/risorse/cacheCloneRepositories/ActionBarSherlock_198
199,/Users/anasmounsifmaster/Documents/G-Repo/risorse/cacheCloneRepositories/metrics_199
200,/Users/anasmounsifmaster/Documents/G-Repo/risorse/cacheCloneRepositories/swagger-core_200
201,/Users/anasmounsifmaster/Documents/G-Repo/risorse/cacheCloneRepositories/async-http-client_201
202,/Users/anasmounsifmaster/Documents/G-Repo/risorse/cacheCloneRepositories/nokogiri_202
203,/Users/anasmounsifmaster/Documents/G-Repo/risorse/cacheCloneRepositories/facebook-android-sdk_203
204,/Users/anasmounsifmaster/Documents/G-Repo/risorse/cacheCloneRepositories/rest-assured_204
205,/Users/anasmounsifmaster/Documents/G-Repo/risorse/cacheCloneRepositories/joda-time_205
206,/Users/anasmounsifmaster/Documents/G-Repo/risorse/cacheCloneRepositories/wiremock_206
207,/Users/anasmounsifmaster/Documents/G-Repo/risorse/cacheCloneRepositories/plantuml_207
208,/Users/anasmounsifmaster/Documents/G-Repo/risorse/cacheCloneRepositories/javaparser_208
209,/Users/anasmounsifmaster/Documents/G-Repo/risorse/cacheCloneRepositories/shiro_209
210,/Users/anasmounsifmaster/Documents/G-Repo/risorse/cacheCloneRepositories/AndEngine_210
211,/Users/anasmounsifmaster/Documents/G-Repo/risorse/cacheCloneRepositories/spock_211
212,/Users/anasmounsifmaster/Documents/G-Repo/risorse/cacheCloneRepositories/sugar_212
213,/Users/anasmounsifmaster/Documents/G-Repo/risorse/cacheCloneRepositories/Twitter4J_213
214,/Users/anasmounsifmaster/Documents/G-Repo/risorse/cacheCloneRepositories/blueocean-plugin_214
215,/Users/anasmounsifmaster/Documents/G-Repo/risorse/cacheCloneRepositories/AndroidProcess_215
216,/Users/anasmounsifmaster/Documents/G-Repo/risorse/cacheCloneRepositories/RxGalleryFinal_216
217,/Users/anasmounsifmaster/Documents/G-Repo/risorse/cacheCloneRepositories/500px-android-blur_217
218,/Users/anasmounsifmaster/Documents/G-Repo/risorse/cacheCloneRepositories/google-services_218
219,/Users/anasmounsifmaster/Documents/G-Repo/risorse/cacheCloneRepositories/KenBurnsView_219
220,/Users/anasmounsifmaster/Documents/G-Repo/risorse/cacheCloneRepositories/AndroidTVLauncher_220
221,/Users/anasmounsifmaster/Documents/G-Repo/risorse/cacheCloneRepositories/pixel-dungeon_221
222,/Users/anasmounsifmaster/Documents/G-Repo/risorse/cacheCloneRepositories/Slidr_222
223,/Users/anasmounsifmaster/Documents/G-Repo/risorse/cacheCloneRepositories/Android-Skin-Loader_223
224,/Users/anasmounsifmaster/Documents/G-Repo/risorse/cacheCloneRepositories/ViewAnimator_224
225,/Users/anasmounsifmaster/Documents/G-Repo/risorse/cacheCloneRepositories/springmvc-mybatis-learning_225
226,/Users/anasmounsifmaster/Documents/G-Repo/risorse/cacheCloneRepositories/BlurView_226
227,/Users/anasmounsifmaster/Documents/G-Repo/risorse/cacheCloneRepositories/react-native-share_227
228,/Users/anasmounsifmaster/Documents/G-Repo/risorse/cacheCloneRepositories/WheelPicker_228
229,/Users/anasmounsifmaster/Documents/G-Repo/risorse/cacheCloneRepositories/Phonograph_229
230,/Users/anasmounsifmaster/Documents/G-Repo/risorse/cacheCloneRepositories/CardSlidePanel_230
231,/Users/anasmounsifmaster/Documents/G-Repo/risorse/cacheCloneRepositories/SimpleCropView_231
232,/Users/anasmounsifmaster/Documents/G-Repo/risorse/cacheCloneRepositories/PullZoomView_232
233,/Users/anasmounsifmaster/Documents/G-Repo/risorse/cacheCloneRepositories/SublimePicker_233
234,/Users/anasmounsifmaster/Documents/G-Repo/risorse/cacheCloneRepositories/NineGridView_234
235,/Users/anasmounsifmaster/Documents/G-Repo/risorse/cacheCloneRepositories/Swipecards_235
236,/Users/anasmounsifmaster/Documents/G-Repo/risorse/cacheCloneRepositories/FlycoDialog_Master_236
237,/Users/anasmounsifmaster/Documents/G-Repo/risorse/cacheCloneRepositories/droidicon_237
238,/Users/anasmounsifmaster/Documents/G-Repo/risorse/cacheCloneRepositories/HMCL_238
239,/Users/anasmounsifmaster/Documents/G-Repo/risorse/cacheCloneRepositories/cucumber-jvm_239
240,/Users/anasmounsifmaster/Documents/G-Repo/risorse/cacheCloneRepositories/android-ocr_240
241,/Users/anasmounsifmaster/Documents/G-Repo/risorse/cacheCloneRepositories/androidquery_241
242,/Users/anasmounsifmaster/Documents/G-Repo/risorse/cacheCloneRepositories/Bukkit_242
243,/Users/anasmounsifmaster/Documents/G-Repo/risorse/cacheCloneRepositories/commons-lang_243
244,/Users/anasmounsifmaster/Documents/G-Repo/risorse/cacheCloneRepositories/logback_244
245,/Users/anasmounsifmaster/Documents/G-Repo/risorse/cacheCloneRepositories/gremlin_245
246,/Users/anasmounsifmaster/Documents/G-Repo/risorse/cacheCloneRepositories/jackson-core_246
247,/Users/anasmounsifmaster/Documents/G-Repo/risorse/cacheCloneRepositories/spring-data-jpa_247
248,/Users/anasmounsifmaster/Documents/G-Repo/risorse/cacheCloneRepositories/spring-integration-samples_248
249,/Users/anasmounsifmaster/Documents/G-Repo/risorse/cacheCloneRepositories/gitblit_249
250,/Users/anasmounsifmaster/Documents/G-Repo/risorse/cacheCloneRepositories/gs-collections_250
251,/Users/anasmounsifmaster/Documents/G-Repo/risorse/cacheCloneRepositories/heritrix3_251
252,/Users/anasmounsifmaster/Documents/G-Repo/risorse/cacheCloneRepositories/dozer_252
253,/Users/anasmounsifmaster/Documents/G-Repo/risorse/cacheCloneRepositories/sshj_253
254,/Users/anasmounsifmaster/Documents/G-Repo/risorse/cacheCloneRepositories/JavaGuide_254
255,/Users/anasmounsifmaster/Documents/G-Repo/risorse/cacheCloneRepositories/advanced-java_255
256,/Users/anasmounsifmaster/Documents/G-Repo/risorse/cacheCloneRepositories/interviews_256
257,/Users/anasmounsifmaster/Documents/G-Repo/risorse/cacheCloneRepositories/proxyee-down_257
258,/Users/anasmounsifmaster/Documents/G-Repo/risorse/cacheCloneRepositories/arthas_258
259,/Users/anasmounsifmaster/Documents/G-Repo/risorse/cacheCloneRepositories/vhr_259
260,/Users/anasmounsifmaster/Documents/G-Repo/risorse/cacheCloneRepositories/spring-boot-demo_260
261,/Users/anasmounsifmaster/Documents/G-Repo/risorse/cacheCloneRepositories/easyexcel_261
262,/Users/anasmounsifmaster/Documents/G-Repo/risorse/cacheCloneRepositories/litemall_262
263,/Users/anasmounsifmaster/Documents/G-Repo/risorse/cacheCloneRepositories/ARouter_263
264,/Users/anasmounsifmaster/Documents/G-Repo/risorse/cacheCloneRepositories/QMUI_Android_264
265,/Users/anasmounsifmaster/Documents/G-Repo/risorse/cacheCloneRepositories/rocketmq_265
266,/Users/anasmounsifmaster/Documents/G-Repo/risorse/cacheCloneRepositories/VasSonic_266
267,/Users/anasmounsifmaster/Documents/G-Repo/risorse/cacheCloneRepositories/jib_267
268,/Users/anasmounsifmaster/Documents/G-Repo/risorse/cacheCloneRepositories/mybatis-plus_268
269,/Users/anasmounsifmaster/Documents/G-Repo/risorse/cacheCloneRepositories/JustAuth_269
270,/Users/anasmounsifmaster/Documents/G-Repo/risorse/cacheCloneRepositories/paascloud-master_270
271,/Users/anasmounsifmaster/Documents/G-Repo/risorse/cacheCloneRepositories/BigData-Notes_271
272,/Users/anasmounsifmaster/Documents/G-Repo/risorse/cacheCloneRepositories/AgentWeb_272
273,/Users/anasmounsifmaster/Documents/G-Repo/risorse/cacheCloneRepositories/quickstart-android_273
274,/Users/anasmounsifmaster/Documents/G-Repo/risorse/cacheCloneRepositories/DataX_274
275,/Users/anasmounsifmaster/Documents/G-Repo/risorse/cacheCloneRepositories/RePlugin_275
276,/Users/anasmounsifmaster/Documents/G-Repo/risorse/cacheCloneRepositories/mall-learning_276
277,/Users/anasmounsifmaster/Documents/G-Repo/risorse/cacheCloneRepositories/haven_277
278,/Users/anasmounsifmaster/Documents/G-Repo/risorse/cacheCloneRepositories/MyBookshelf_278
279,/Users/anasmounsifmaster/Documents/G-Repo/risorse/cacheCloneRepositories/maxwell_279
280,/Users/anasmounsifmaster/Documents/G-Repo/risorse/cacheCloneRepositories/9GAG_280
281,/Users/anasmounsifmaster/Documents/G-Repo/risorse/cacheCloneRepositories/CircleDemo_281
282,/Users/anasmounsifmaster/Documents/G-Repo/risorse/cacheCloneRepositories/android-ripple-background_282
283,/Users/anasmounsifmaster/Documents/G-Repo/risorse/cacheCloneRepositories/Android-MaterialRefreshLayout_283
284,/Users/anasmounsifmaster/Documents/G-Repo/risorse/cacheCloneRepositories/SwipeToLoadLayout_284
285,/Users/anasmounsifmaster/Documents/G-Repo/risorse/cacheCloneRepositories/GestureViews_285
286,/Users/anasmounsifmaster/Documents/G-Repo/risorse/cacheCloneRepositories/react-native-mapbox-gl_286
287,/Users/anasmounsifmaster/Documents/G-Repo/risorse/cacheCloneRepositories/CarouselLayoutManager_287
288,/Users/anasmounsifmaster/Documents/G-Repo/risorse/cacheCloneRepositories/EasyRecyclerView_288
289,/Users/anasmounsifmaster/Documents/G-Repo/risorse/cacheCloneRepositories/react-native-sqlite-storage_289
290,/Users/anasmounsifmaster/Documents/G-Repo/risorse/cacheCloneRepositories/aws-cf-templates_290
291,/Users/anasmounsifmaster/Documents/G-Repo/risorse/cacheCloneRepositories/Cknife_291
292,/Users/anasmounsifmaster/Documents/G-Repo/risorse/cacheCloneRepositories/phonegap-plugin-push_292
293,/Users/anasmounsifmaster/Documents/G-Repo/risorse/cacheCloneRepositories/qianghongbao_293
294,/Users/anasmounsifmaster/Documents/G-Repo/risorse/cacheCloneRepositories/android-samples_294
295,/Users/anasmounsifmaster/Documents/G-Repo/risorse/cacheCloneRepositories/google-signin_295
296,/Users/anasmounsifmaster/Documents/G-Repo/risorse/cacheCloneRepositories/StarWars.Android_296
297,/Users/anasmounsifmaster/Documents/G-Repo/risorse/cacheCloneRepositories/Inspeckage_297
298,/Users/anasmounsifmaster/Documents/G-Repo/risorse/cacheCloneRepositories/Minimal-Todo_298
299,/Users/anasmounsifmaster/Documents/G-Repo/risorse/cacheCloneRepositories/ApiManager_299
300,/Users/anasmounsifmaster/Documents/G-Repo/risorse/cacheCloneRepositories/Rosie_300
301,/Users/anasmounsifmaster/Documents/G-Repo/risorse/cacheCloneRepositories/speedment_301
302,/Users/anasmounsifmaster/Documents/G-Repo/risorse/cacheCloneRepositories/RetrofitUrlManager_302
303,/Users/anasmounsifmaster/Documents/G-Repo/risorse/cacheCloneRepositories/dynamic-load-apk_303
304,/Users/anasmounsifmaster/Documents/G-Repo/risorse/cacheCloneRepositories/xUtils3_304
305,/Users/anasmounsifmaster/Documents/G-Repo/risorse/cacheCloneRepositories/mosby_305
306,/Users/anasmounsifmaster/Documents/G-Repo/risorse/cacheCloneRepositories/Android-Image-Cropper_306
307,/Users/anasmounsifmaster/Documents/G-Repo/risorse/cacheCloneRepositories/disconf_307
308,/Users/anasmounsifmaster/Documents/G-Repo/risorse/cacheCloneRepositories/cachecloud_308
309,/Users/anasmounsifmaster/Documents/G-Repo/risorse/cacheCloneRepositories/react-native-video_309
310,/Users/anasmounsifmaster/Documents/G-Repo/risorse/cacheCloneRepositories/HTextView_310
311,/Users/anasmounsifmaster/Documents/G-Repo/risorse/cacheCloneRepositories/JFoenix_311
312,/Users/anasmounsifmaster/Documents/G-Repo/risorse/cacheCloneRepositories/AndroidPicker_312
313,/Users/anasmounsifmaster/Documents/G-Repo/risorse/cacheCloneRepositories/android-advancedrecyclerview_313
314,/Users/anasmounsifmaster/Documents/G-Repo/risorse/cacheCloneRepositories/MagicCamera_314
315,/Users/anasmounsifmaster/Documents/G-Repo/risorse/cacheCloneRepositories/react-native-svg_315
316,/Users/anasmounsifmaster/Documents/G-Repo/risorse/cacheCloneRepositories/Android-ConvenientBanner_316
317,/Users/anasmounsifmaster/Documents/G-Repo/risorse/cacheCloneRepositories/folding-cell-android_317
318,/Users/anasmounsifmaster/Documents/G-Repo/risorse/cacheCloneRepositories/Douya_318
319,/Users/anasmounsifmaster/Documents/G-Repo/risorse/cacheCloneRepositories/SwitchButton_319
320,/Users/anasmounsifmaster/Documents/G-Repo/risorse/cacheCloneRepositories/ImagePicker_320
321,/Users/anasmounsifmaster/Documents/G-Repo/risorse/cacheCloneRepositories/spring-cloud-netflix_321
322,/Users/anasmounsifmaster/Documents/G-Repo/risorse/cacheCloneRepositories/GT_322
323,/Users/anasmounsifmaster/Documents/G-Repo/risorse/cacheCloneRepositories/FloatingActionButton_323
324,/Users/anasmounsifmaster/Documents/G-Repo/risorse/cacheCloneRepositories/btrace_324
325,/Users/anasmounsifmaster/Documents/G-Repo/risorse/cacheCloneRepositories/FirebaseUI-Android_325
326,/Users/anasmounsifmaster/Documents/G-Repo/risorse/cacheCloneRepositories/JKeyboardPanelSwitch_326
327,/Users/anasmounsifmaster/Documents/G-Repo/risorse/cacheCloneRepositories/BasePopup_327
328,/Users/anasmounsifmaster/Documents/G-Repo/risorse/cacheCloneRepositories/LoadingDrawable_328
329,/Users/anasmounsifmaster/Documents/G-Repo/risorse/cacheCloneRepositories/quartz_329
330,/Users/anasmounsifmaster/Documents/G-Repo/risorse/cacheCloneRepositories/dubbo_330
331,/Users/anasmounsifmaster/Documents/G-Repo/risorse/cacheCloneRepositories/jadx_331
332,/Users/anasmounsifmaster/Documents/G-Repo/risorse/cacheCloneRepositories/Hystrix_332
333,/Users/anasmounsifmaster/Documents/G-Repo/risorse/cacheCloneRepositories/PhotoView_333
334,/Users/anasmounsifmaster/Documents/G-Repo/risorse/cacheCloneRepositories/canal_334
335,/Users/anasmounsifmaster/Documents/G-Repo/risorse/cacheCloneRepositories/redisson_335
336,/Users/anasmounsifmaster/Documents/G-Repo/risorse/cacheCloneRepositories/disruptor_336
337,/Users/anasmounsifmaster/Documents/G-Repo/risorse/cacheCloneRepositories/eureka_337
338,/Users/anasmounsifmaster/Documents/G-Repo/risorse/cacheCloneRepositories/webmagic_338
339,/Users/anasmounsifmaster/Documents/G-Repo/risorse/cacheCloneRepositories/SimianArmy_339
340,/Users/anasmounsifmaster/Documents/G-Repo/risorse/cacheCloneRepositories/Android-Bootstrap_340
341,/Users/anasmounsifmaster/Documents/G-Repo/risorse/cacheCloneRepositories/ion_341
342,/Users/anasmounsifmaster/Documents/G-Repo/risorse/cacheCloneRepositories/otter_342
343,/Users/anasmounsifmaster/Documents/G-Repo/risorse/cacheCloneRepositories/RoundedImageView_343
344,/Users/anasmounsifmaster/Documents/G-Repo/risorse/cacheCloneRepositories/u2020_344
345,/Users/anasmounsifmaster/Documents/G-Repo/risorse/cacheCloneRepositories/ListViewAnimations_345
346,/Users/anasmounsifmaster/Documents/G-Repo/risorse/cacheCloneRepositories/ShowcaseView_346
347,/Users/anasmounsifmaster/Documents/G-Repo/risorse/cacheCloneRepositories/rebound_347
348,/Users/anasmounsifmaster/Documents/G-Repo/risorse/cacheCloneRepositories/barcodescanner_348
349,/Users/anasmounsifmaster/Documents/G-Repo/risorse/cacheCloneRepositories/flyway_349
350,/Users/anasmounsifmaster/Documents/G-Repo/risorse/cacheCloneRepositories/jsonschema2pojo_350
351,/Users/anasmounsifmaster/Documents/G-Repo/risorse/cacheCloneRepositories/ActiveAndroid_351
352,/Users/anasmounsifmaster/Documents/G-Repo/risorse/cacheCloneRepositories/smali_352
353,/Users/anasmounsifmaster/Documents/G-Repo/risorse/cacheCloneRepositories/cryptomator_353
354,/Users/anasmounsifmaster/Documents/G-Repo/risorse/cacheCloneRepositories/zxing-android-embedded_354
355,/Users/anasmounsifmaster/Documents/G-Repo/risorse/cacheCloneRepositories/Gadgetbridge_355
356,/Users/anasmounsifmaster/Documents/G-Repo/risorse/cacheCloneRepositories/DropDownMenu_356
357,/Users/anasmounsifmaster/Documents/G-Repo/risorse/cacheCloneRepositories/SeeWeather_357
358,/Users/anasmounsifmaster/Documents/G-Repo/risorse/cacheCloneRepositories/debezium_358
359,/Users/anasmounsifmaster/Documents/G-Repo/risorse/cacheCloneRepositories/lettuce-core_359
360,/Users/anasmounsifmaster/Documents/G-Repo/risorse/cacheCloneRepositories/android-priority-jobqueue_360
361,/Users/anasmounsifmaster/Documents/G-Repo/risorse/cacheCloneRepositories/study_361
362,/Users/anasmounsifmaster/Documents/G-Repo/risorse/cacheCloneRepositories/FlexibleAdapter_362
363,/Users/anasmounsifmaster/Documents/G-Repo/risorse/cacheCloneRepositories/animate_363
364,/Users/anasmounsifmaster/Documents/G-Repo/risorse/cacheCloneRepositories/LeafPic_364
365,/Users/anasmounsifmaster/Documents/G-Repo/risorse/cacheCloneRepositories/StickerCamera_365
366,/Users/anasmounsifmaster/Documents/G-Repo/risorse/cacheCloneRepositories/JamsMusicPlayer_366
367,/Users/anasmounsifmaster/Documents/G-Repo/risorse/cacheCloneRepositories/thumbnailator_367
368,/Users/anasmounsifmaster/Documents/G-Repo/risorse/cacheCloneRepositories/dddsample-core_368
369,/Users/anasmounsifmaster/Documents/G-Repo/risorse/cacheCloneRepositories/XhsEmoticonsKeyboard_369
370,/Users/anasmounsifmaster/Documents/G-Repo/risorse/cacheCloneRepositories/NetGuard_370
371,/Users/anasmounsifmaster/Documents/G-Repo/risorse/cacheCloneRepositories/StickyHeaderListView_371
372,/Users/anasmounsifmaster/Documents/G-Repo/risorse/cacheCloneRepositories/CityPicker_372
373,/Users/anasmounsifmaster/Documents/G-Repo/risorse/cacheCloneRepositories/CountdownView_373
374,/Users/anasmounsifmaster/Documents/G-Repo/risorse/cacheCloneRepositories/Carbon_374
375,/Users/anasmounsifmaster/Documents/G-Repo/risorse/cacheCloneRepositories/airpal_375
